{"cameraMode":{"drawMode":0,"name":"Shaded","section":"Shading Mode"},"sceneLighting":true,"audioPlay":false,"sceneViewState":{"m_AlwaysRefresh":false,"showFog":true,"showSkybox":true,"showFlares":true,"showImageEffects":true,"showParticleSystems":true,"showVisualEffectGraphs":true,"m_FxEnabled":false},"in2DMode":false,"pivot":{"x":1001.228759765625,"y":550.8056030273438,"z":108.77415466308594},"rotation":{"x":-0.01381059642881155,"y":0.0008973445510491729,"z":-0.000015544495909125544,"w":-0.9999274611473084},"size":1582.52490234375,"orthographic":false}